{
  "checkpoint": "checkpoints/koniq-10k-swin-ranking-alpha0.5_20251221_003537/best_model_srcc_0.9316_plcc_0.9450.pkl",
  "model_size": "base",
  "test_patch_num": 20,
  "test_random_crop": true,
  "results": {
    "KonIQ-10k Test Set": {
      "srcc": 0.9317933273292726,
      "plcc": 0.9455536376662711,
      "num_images": 2010
    },
    "SPAQ": {
      "srcc": 0.8797388587813583,
      "plcc": 0.8759118876069129,
      "num_images": 2224
    },
    "KADID-10K": {
      "srcc": 0.508863944365646,
      "plcc": 0.5319577519915089,
      "num_images": 2000
    },
    "AGIQA-3K": {
      "srcc": 0.655185549620856,
      "plcc": 0.7041046980669321,
      "num_images": 2982
    }
  }
}