{
  "checkpoint": "checkpoints/koniq-10k-swin_20251223_002226/best_model_srcc_0.9378_plcc_0.9485.pkl",
  "model_size": "base",
  "test_patch_num": 20,
  "test_random_crop": false,
  "results": {
    "SPAQ": {
      "srcc": 0.8697538340487309,
      "plcc": 0.8708876127981151,
      "num_images": 2224
    },
    "KADID-10K": {
      "srcc": 0.5412407910568313,
      "plcc": 0.5591274174566867,
      "num_images": 2000
    },
    "AGIQA-3K": {
      "srcc": 0.6483593633343431,
      "plcc": 0.6830473282265426,
      "num_images": 2982
    }
  }
}